{
  "success_profile_lt36": {
    "count_lt36": 79,
    "mean_flexibility": 1.3526674004769765,
    "mean_hbondcap": 2.0632911392405062
  },
  "success_means_gpr_based": {
    "flex": 1.3526811594202897,
    "hb": 0.0,
    "sigma": 0.004471030059204452
  },
  "success_stds_gpr_based": {
    "flex": 0.0,
    "hb": 0.0,
    "sigma": 0.0
  }
}