group,mae_gpr,mae_final
all,45.28664660774985,47.83304590527927
