,mean_flexibility,mean_hbondcap,mean_gpr_sigma
success_lt36,1.3526674004769765,2.0632911392405062,80.19269559301837
failure_gt80,1.3820000000000001,1.5,81.81138069619604
