,mean_flexibility,mean_hbondcap,mean_gpr_sigma
success_lt36,1.3518918918918919,2.189189189189189,84.46549353652286
failure_gt80,1.3820000000000001,1.5,81.81138069619604
