model,mae,medae
gpr,45.94528803858203,33.383237960007165
4q_baseline,54.27215843950493,43.9598153138472
hybrid_synthesis,45.92089515925885,33.383237960007165
