model,mae,medae
gpr,47.27703551796122,34.11288096785486
4q_baseline,55.073628707920804,44.874900184870256
hybrid_synthesis,47.27703551796122,34.11288096785486
