{
  "global_mae": {
    "gpr": 45.94528803858203,
    "hybrid": 45.92089515925885
  },
  "global_medae": 33.383237960007165,
  "global_r2": {
    "gpr": 0.6267718857854673,
    "hybrid": 0.6251894818754258
  },
  "chemical_hits_43mV": 89,
  "chemical_hits_36mV": 79,
  "mean_error_reduction": 0.0243928793231759,
  "percent_improved": 5.633802816901409,
  "success_profile_lt36": {
    "count_lt36": 79,
    "mean_flexibility": 1.3526674004769765,
    "mean_hbondcap": 2.0632911392405062
  },
  "feature_contrast_file": "feature_contrast_success_vs_failure.csv",
  "failure_cases_file": "failure_cases_gt80.csv",
  "divergence_major_file": "divergence_major_gt150.csv",
  "failure_mae_4q_baseline": 150.9560570049274,
  "failure_mae_escalated": 160.54244505386936,
  "failure_error_correlation_R": 0.22509493600697378,
  "clean_room": {
    "mae": 34.36988625515082,
    "medae": 30.10817475278418,
    "r2": 0.7861018532145012,
    "hit_pct_lt36": 61.24031007751938,
    "hit_pct_lt43": 68.21705426356588
  },
  "global_lock_applied": false,
  "quantum_property_correlations": {
    "homo_lumo_gap_vs_Em": 0.1629692315903899,
    "polarizability_vs_Em": 0.1350796372769366,
    "n5_spin_density_vs_Em": 0.04380902788550798
  }
}