pdb_id,Around_N5_HBondCap,homo_lumo_gap
1AKT,5.0,
1FDR,5.0,
4MJW,5.0,0.0356320570212108
1POW,4.0,0.0416512192069638
1JR8,4.0,
