pdb_id,Around_N5_HBondCap,homo_lumo_gap
TMPMMVNSW4U,1.9565217391304348,0.014602237994715717
